{
  "experiment_id": "E041",
  "completed_at": "2026-06-08 23:04:25",
  "out_dir": "/home/Hongjie_Zeng/high_order_BM/runs_twoport1024_E041_portquant_gamma_sweep_5to95",
  "device_quantization_mode": "port_level",
  "single_port_prob_levels": [
    0.05,
    0.12,
    0.27,
    0.5,
    0.73,
    0.88,
    0.95
  ],
  "single_port_input_levels": [
    0.0,
    0.476004407238117,
    0.9749082020111892,
    1.4722194895832201,
    1.969530777155251,
    2.468434571928323,
    2.94443897916644
  ],
  "device_c": 1.4722194895832201,
  "device_gammas": [
    0.0,
    0.02,
    0.05,
    0.1,
    0.2,
    0.3,
    0.5,
    0.75,
    1.0,
    1.15
  ],
  "summary_by_setting": {
    "gamma_0.02_c_1.47222": {
      "gamma_eff": 0.02,
      "c_eff": 1.4722194895832201,
      "continuous_stats": {
        "mean": 0.9740333333333333,
        "std": 0.0013097921802925675,
        "min": 0.972,
        "max": 0.9759,
        "n": 6
      },
      "quantized_stats": {
        "mean": 0.9184166666666665,
        "std": 0.019310568493846957,
        "min": 0.8838,
        "max": 0.9389,
        "n": 6
      },
      "accuracy_drop_stats": {
        "mean": 0.05561666666666667,
        "std": 0.01960845197584163,
        "min": 0.03310000000000002,
        "max": 0.08939999999999992,
        "n": 6
      }
    },
    "gamma_0.05_c_1.47222": {
      "gamma_eff": 0.05,
      "c_eff": 1.4722194895832201,
      "continuous_stats": {
        "mean": 0.9740333333333333,
        "std": 0.0013097921802925675,
        "min": 0.972,
        "max": 0.9759,
        "n": 6
      },
      "quantized_stats": {
        "mean": 0.9308833333333334,
        "std": 0.014906644677980195,
        "min": 0.9008,
        "max": 0.9464,
        "n": 6
      },
      "accuracy_drop_stats": {
        "mean": 0.043149999999999966,
        "std": 0.014957244621475766,
        "min": 0.028100000000000014,
        "max": 0.07239999999999991,
        "n": 6
      }
    },
    "gamma_0.1_c_1.47222": {
      "gamma_eff": 0.1,
      "c_eff": 1.4722194895832201,
      "continuous_stats": {
        "mean": 0.9740333333333333,
        "std": 0.0013097921802925675,
        "min": 0.972,
        "max": 0.9759,
        "n": 6
      },
      "quantized_stats": {
        "mean": 0.9430333333333333,
        "std": 0.011010550495875415,
        "min": 0.9211,
        "max": 0.9543,
        "n": 6
      },
      "accuracy_drop_stats": {
        "mean": 0.030999999999999972,
        "std": 0.0109163485958752,
        "min": 0.020199999999999996,
        "max": 0.052099999999999924,
        "n": 6
      }
    },
    "gamma_0.2_c_1.47222": {
      "gamma_eff": 0.2,
      "c_eff": 1.4722194895832201,
      "continuous_stats": {
        "mean": 0.9740333333333333,
        "std": 0.0013097921802925675,
        "min": 0.972,
        "max": 0.9759,
        "n": 6
      },
      "quantized_stats": {
        "mean": 0.9561833333333335,
        "std": 0.004902522026694244,
        "min": 0.9502,
        "max": 0.9643,
        "n": 6
      },
      "accuracy_drop_stats": {
        "mean": 0.017849999999999994,
        "std": 0.004413143248675852,
        "min": 0.01089999999999991,
        "max": 0.02299999999999991,
        "n": 6
      }
    },
    "gamma_0.3_c_1.47222": {
      "gamma_eff": 0.3,
      "c_eff": 1.4722194895832201,
      "continuous_stats": {
        "mean": 0.9740333333333333,
        "std": 0.0013097921802925675,
        "min": 0.972,
        "max": 0.9759,
        "n": 6
      },
      "quantized_stats": {
        "mean": 0.9610666666666666,
        "std": 0.0033229839334884153,
        "min": 0.957,
        "max": 0.9671,
        "n": 6
      },
      "accuracy_drop_stats": {
        "mean": 0.012966666666666663,
        "std": 0.0024342464040346336,
        "min": 0.008099999999999996,
        "max": 0.015100000000000002,
        "n": 6
      }
    },
    "gamma_0.5_c_1.47222": {
      "gamma_eff": 0.5,
      "c_eff": 1.4722194895832201,
      "continuous_stats": {
        "mean": 0.9740333333333333,
        "std": 0.0013097921802925675,
        "min": 0.972,
        "max": 0.9759,
        "n": 6
      },
      "quantized_stats": {
        "mean": 0.9634333333333335,
        "std": 0.002848196310337852,
        "min": 0.9596,
        "max": 0.9678,
        "n": 6
      },
      "accuracy_drop_stats": {
        "mean": 0.01059999999999998,
        "std": 0.00186993761036744,
        "min": 0.007399999999999962,
        "max": 0.01319999999999999,
        "n": 6
      }
    },
    "gamma_0.75_c_1.47222": {
      "gamma_eff": 0.75,
      "c_eff": 1.4722194895832201,
      "continuous_stats": {
        "mean": 0.9740333333333333,
        "std": 0.0013097921802925675,
        "min": 0.972,
        "max": 0.9759,
        "n": 6
      },
      "quantized_stats": {
        "mean": 0.9638333333333334,
        "std": 0.0031319145724123727,
        "min": 0.9597,
        "max": 0.9684,
        "n": 6
      },
      "accuracy_drop_stats": {
        "mean": 0.010199999999999987,
        "std": 0.0023137271518771335,
        "min": 0.006799999999999917,
        "max": 0.013600000000000056,
        "n": 6
      }
    },
    "gamma_0_c_1.47222": {
      "gamma_eff": 0.0,
      "c_eff": 1.4722194895832201,
      "continuous_stats": {
        "mean": 0.9740333333333333,
        "std": 0.0013097921802925675,
        "min": 0.972,
        "max": 0.9759,
        "n": 6
      },
      "quantized_stats": {
        "mean": 0.9075166666666666,
        "std": 0.022694449884400274,
        "min": 0.869,
        "max": 0.9352,
        "n": 6
      },
      "accuracy_drop_stats": {
        "mean": 0.06651666666666665,
        "std": 0.023127719059364414,
        "min": 0.036799999999999944,
        "max": 0.10419999999999996,
        "n": 6
      }
    },
    "gamma_1.15_c_1.47222": {
      "gamma_eff": 1.15,
      "c_eff": 1.4722194895832201,
      "continuous_stats": {
        "mean": 0.9740333333333333,
        "std": 0.0013097921802925675,
        "min": 0.972,
        "max": 0.9759,
        "n": 6
      },
      "quantized_stats": {
        "mean": 0.9606500000000001,
        "std": 0.00471478171993853,
        "min": 0.9532,
        "max": 0.9665,
        "n": 6
      },
      "accuracy_drop_stats": {
        "mean": 0.013383333333333322,
        "std": 0.0037320310228554617,
        "min": 0.00869999999999993,
        "max": 0.018799999999999928,
        "n": 6
      }
    },
    "gamma_1_c_1.47222": {
      "gamma_eff": 1.0,
      "c_eff": 1.4722194895832201,
      "continuous_stats": {
        "mean": 0.9740333333333333,
        "std": 0.0013097921802925675,
        "min": 0.972,
        "max": 0.9759,
        "n": 6
      },
      "quantized_stats": {
        "mean": 0.9632833333333334,
        "std": 0.0036347474312376847,
        "min": 0.9577,
        "max": 0.9684,
        "n": 6
      },
      "accuracy_drop_stats": {
        "mean": 0.010750000000000001,
        "std": 0.00283651781826477,
        "min": 0.006799999999999917,
        "max": 0.01429999999999998,
        "n": 6
      }
    }
  },
  "recommended_setting": null,
  "num_valid_rows": 60,
  "num_requested_rows": 60
}