{
  "experiment_id": "E040",
  "completed_at": "2026-06-08 17:45:15",
  "out_dir": "/home/Hongjie_Zeng/high_order_BM/runs_twoport1024_E040_probquant_11level_logit",
  "quantization_name": "11level_logit",
  "probability_levels": [
    0.05000000000000001,
    0.0866255450880921,
    0.14595776020489165,
    0.23545238646229966,
    0.356890086257402,
    0.4999999999999999,
    0.6431099137425977,
    0.7645476135377003,
    0.8540422397951083,
    0.9133744549119077,
    0.9499999999999998
  ],
  "quantization_rule": "nearest_probability_level_tie_lower",
  "eval": {
    "steps": 3000,
    "burn_in": 500,
    "thin": 2,
    "batch_size": 128,
    "label_init": "random_onehot",
    "label_update": "binary",
    "beta_eval": 1.0,
    "eval_seed_base": 20260608
  },
  "continuous_stats": {
    "mean": 0.9740333333333333,
    "std": 0.0013097921802925675,
    "min": 0.972,
    "max": 0.9759,
    "n": 6
  },
  "quantized_stats": {
    "mean": 0.9729166666666668,
    "std": 0.0019264965322805157,
    "min": 0.9703,
    "max": 0.9753,
    "n": 6
  },
  "accuracy_drop_stats": {
    "mean": 0.0011166666666666547,
    "std": 0.0008725760075138689,
    "min": 0.00019999999999997797,
    "max": 0.0028999999999999027,
    "n": 6
  },
  "num_valid_runs": 6,
  "num_requested_runs": 6
}